ID;Organisatieonderdeel;RU;CO;Functie;CRM;Performance_snelheid;Functionaliteit;Gebruikersondersteuning ;Totaaloordeel_CRM;Opmerkingen_CRM;Suggestie_IT_algemeen
7;Regionale Univé;Noord-Holland;;Medewerker afdeling/team;Ja;Tevreden;Tevreden;Tevreden;Tevreden;Nee.;De enquete wellicht niet in december als het druk is met de zorgverzekeringen. 
22;Regionale Univé;Noord-Nederland;;Medewerker afdeling/team;Ja;Zeer tevreden;Zeer tevreden;Zeer tevreden;Zeer tevreden;Telefoonnummer en mailadres van betreffende klant altijd in beeld. ;
24;Regionale Univé;Oost;;Medewerker afdeling/team;Ja;Tevreden;Tevreden;Tevreden;Tevreden;Qis tegels laden vaak niet. Verder tevreden.;Bereikbaarheid
25;Regionale Univé;Noord-Nederland;;Medewerker afdeling/team;Ja;Ontevreden;Neutraal;Ontevreden;Ontevreden;;Stabiele en snel werkende systemen (QIS, CRM en Skype/MS Teams)
35;Regionale Univé;Noord-Holland;;Medewerker afdeling/team;Ja;Tevreden;Tevreden;Tevreden;Tevreden;nvt;nvt
38;Regionale Univé;Groene Hart;;Medewerker afdeling/team;Ja;Zeer tevreden;Zeer tevreden;Zeer tevreden;Zeer tevreden;Bij mij werkt CRM goed. ;
44;Regionale Univé;Zuid-Nederland;;Medewerker afdeling/team;Ja;Tevreden;Neutraal;Tevreden;Tevreden;nee;vaak is locale IT persoon slecht of moeilijk te bereiken
52;Regionale Univé;Dichtbij;;Afdelings-/Teammanager;Ja;Neutraal;Neutraal;Neutraal;Neutraal;CRM kan veel, alleen wordt er nog niet van alle functionaliteiten voldoende gebruik gemaakt. Vooral het maken van queries en dashboard vergt kennis. Die ontbreekt vaak nogal. ;Power BI: zorg ervoor dat dit dagelijks is bijgewerkt.
53;Regionale Univé;Stad en Land;;Medewerker afdeling/team;Ja;Tevreden;Tevreden;Tevreden;Tevreden;De koppeling tussen CRM en Qis kan naar mijn inziens wel beter. Adresgegevens etc, loopt niet gelijk. Tegels zijn vaak niet te zien. Zou heel veel werk schelen als het gewoon 1 op 1 zou zijn.;We hebben nu informatie op heel veel verschillende plekken. Het zou overzichtelijker zijn als er 1 plek gekozen wordt waar informatie op komt.
63;Regionale Univé;Zuid-Nederland;;Medewerker afdeling/team;Ja;Tevreden;Tevreden;Zeer tevreden;Tevreden;geen;Vooral zo doorgaan!!
74;Regionale Univé;Dichtbij;;Medewerker afdeling/team;Ja;Tevreden;Tevreden;Tevreden;Tevreden;;"Communicatie. IT is belangrijk voor mijn werk en toch wil je als medewerker er zo weinig mogelijk mee van doen hebben en je alleen op je werk focussen. Los natuurlijk van mijn eigen verantwoordelijkheid daarin; hoe beter de communicatie vanuit IT, hoe makkelijker ik veranderingen en nieuwsberichten vanuit IT meekrijg en hier tijdig rekening mee hou in mijn werk. "
81;Regionale Univé;Zuid-Nederland;;Medewerker afdeling/team;Ja;Tevreden;Tevreden;Tevreden;Tevreden;nvt;Snelheid van de meest gebruikte systemen.
82;Centrale Organisatie - Overige afdelingen;;Schade;Medewerker afdeling/team;Ja;Tevreden;Neutraal;Neutraal;Neutraal;wij hebben als schadebehandelaar alleen in inzienfunctie, geen wijzigingsfunctie. Begrijpelijk maar soms is t handig om een aantekening in CRM te maken;nvt
92;Regionale Univé;Stad en Land;;Medewerker afdeling/team;Ja;Neutraal;Neutraal;Neutraal;Neutraal;Veel muisklikken om een case van A tot Z in te zien. ;
96;Regionale Univé;Noord-Holland;;Afdelings-/Teammanager;Ja;Zeer ontevreden;Ontevreden;Ontevreden;Ontevreden;de cloud is geen verbetering . je blijft klikken . onoverzichtelijk . ATS tegels niet zichtbaar ... Drama ;CRM CRM CRM CRM CRM CRM CRM  het is voor de commerciele afdeling onmogelijk om het werk goed te doen met de performance van CRM op dit moment 
98;Regionale Univé;Oost;;Medewerker afdeling/team;Ja;Neutraal;Tevreden;Tevreden;Tevreden;ATS tegels worden vaak niet geladen? Ligt dit aan CRM of aan ATS;Snelheid en juist functioneren van systemen
100;Regionale Univé;Noord-Nederland;;Medewerker afdeling/team;Ja;Neutraal;Neutraal;Tevreden;Neutraal;veel dingen gaan goed maar er gaan ook dingen minder goed zoals bijvoorbeeld de koppeling met finley die er geregeld uit ligt dan wel vertraagd is.;bestrijden van de storingsgevoeligheid
106;Regionale Univé;Stad en Land;;Medewerker afdeling/team;Ja;Tevreden;Tevreden;Tevreden;Tevreden;Nee, kan ik nu niet bedenken. ;Snelheid van de systemen. 
107;Regionale Univé;Noord-Nederland;;Medewerker afdeling/team;Ja;Neutraal;Neutraal;Neutraal;Neutraal;ben blij met onze Marieke Smit. geweldig hoe zij ons ondersteund;snelheid QIS
114;Centrale Organisatie - Overige afdelingen;;Overige afdelingen;Medewerker afdeling/team;Ja;Zeer tevreden;Zeer tevreden;Zeer tevreden;Zeer tevreden;;ik ben tevreden
119;Regionale Univé;Noord-Holland;;Afdelings-/Teammanager;Ja;Zeer tevreden;Zeer tevreden;Zeer tevreden;Zeer tevreden;geen opmerkingen;Geen idee.
121;Regionale Univé;Samen;;Afdelings-/Teammanager;Ja;Tevreden;Tevreden;Tevreden;Tevreden;"Functionaliteiten binnen CRM zijn wat mij betreft prima. Uitbreiding van functionaliteiten wat mij betreft goed afzetten tegen de kosten die ermee gepaard gaan en de voordelen die ze bieden. Niet alleen uitbreiden ""omdat het kan"".";
124;Regionale Univé;Dichtbij;;Medewerker afdeling/team;Ja;Tevreden;Neutraal;Tevreden;Neutraal;"Het opzoeken van cases en activiteiten vind ik niet gebruiksvriendelijk. 
Als je een klant aan de tel hebt zou je snel bijv. cases op een onderwerp moeten kunnen zoeken, zoals onderhoudsgesprek. Nu kan je op alfabet selecteren en dan zoek naar de juiste maar door de lange naam valt bijv. het jaartal al weg, is niet meteen zichtbaar. De juiste categorie kunnen aanvinken zou helpen en dat het veld breder is zodat ook het jaartal zichtbaar is helpt. Ook de openstaande cases altijd bovenaan zetten, dan zie meteen als je een klant aan de lijn hebt wat er op dit moment speelt. ";gebruiksvriendelijkheid
127;Regionale Univé;Noord-Holland;;Medewerker afdeling/team;Ja;Neutraal;Ontevreden;Neutraal;Neutraal;nee;
132;Centrale Organisatie - Overige afdelingen;;Overige afdelingen;Medewerker afdeling/team;Ja;Neutraal;Neutraal;Neutraal;Neutraal;nog weinig gebruik van gemaakt;Sneller reageren
137;Regionale Univé;Stad en Land;;Afdelings-/Teammanager;Ja;n.v.t./weet het niet;Ontevreden;n.v.t./weet het niet;Neutraal;Er zijn veel change request, jammer dat het zolang moet duren dat deze verwerkt worden. CRM is het meest gebruikte systeem en het werken ermee kan zoveel makkelijker en efficiënter. ;Ontsluiting data kwaliteit en optimaliseren CRM
138;Regionale Univé;Groene Hart;;Afdelings-/Teammanager;Ja;Tevreden;Tevreden;n.v.t./weet het niet;Tevreden;Blijf werken en input verzamelen om het overzicht van het case overzicht te verbeteren. Dit verbetert de efficiency. Zodoende kan deze tijdsbesparing ingezet worden voor commerciële activiteiten. En dit levert de gewenste bijdrage bij Versneld Groeien. ;Meedenken met projecten die (vanwege klantbelang, complexiteit, of begrenzing van de mogelijkheden van de systemen) niet binnen QIS of CRM zijn te realiseren. Het is zeer wenselijk hier adequaat en voortvarend mee aan de slag te gaan.
152;Regionale Univé;Stad en Land;;Medewerker afdeling/team;Ja;Ontevreden;Ontevreden;Tevreden;Ontevreden;Personaliseren tot werkelijk per functie te gebruiken functionaliteiten zou fijn zijn. Veel te veel vakjes en tabbladen die niet gebruikt worden maar wel de verwerking/opslaan van een mutatie vertragen.  ;Gebruiksgemak, efficiency
154;Regionale Univé;Zuid-Nederland;;Medewerker afdeling/team;Ja;Tevreden;Tevreden;Tevreden;Tevreden;;op locatie goed kunnen werken, dus bij klanten advies aan huis
157;Regionale Univé;Stad en Land;;Medewerker afdeling/team;Ja;Tevreden;Ontevreden;n.v.t./weet het niet;Ontevreden;financieel beeld vereenvoudigen voor ;bereikbaarheid en geboden oplossing
159;Regionale Univé;Noord-Nederland;;Afdelings-/Teammanager;Ja;Tevreden;Neutraal;Neutraal;Tevreden;Vaak storingen, tegels worden niet geladen;
160;Regionale Univé;Dichtbij;;Medewerker afdeling/team;Ja;Tevreden;Zeer tevreden;Zeer tevreden;Zeer tevreden;;makkelijk contact, duidelijke uitleg
162;Regionale Univé;Zuid-Nederland;;Medewerker afdeling/team;Ja;Tevreden;Neutraal;n.v.t./weet het niet;Neutraal;koppeling schademelding van QIS naar CRM zou wenselijk zijn ;
167;Regionale Univé;Noord-Holland;;Medewerker afdeling/team;Ja;Neutraal;Ontevreden;Zeer ontevreden;Zeer ontevreden;de advieswijzer is in CRM gezet. Totaal onduidelijk hoe het werkt. geen uitleg en geen ondersteuning.;
171;Regionale Univé;Dichtbij;;Medewerker afdeling/team;Ja;Tevreden;Tevreden;Zeer tevreden;Tevreden;Het automatisch koppen van in en uitgaande telefoongesprekken.;
175;Regionale Univé;Zuid-Nederland;;Medewerker afdeling/team;Ja;Ontevreden;Ontevreden;Ontevreden;Ontevreden;;Nieuwe collga erbij voor Phuc. 
178;Regionale Univé;Noord-Nederland;;Medewerker afdeling/team;Ja;Tevreden;Tevreden;Tevreden;Tevreden;;De wachttijden voordat iets is opgelost mbt Qis. 
179;Regionale Univé;Zuid-Nederland;;Afdelings-/Teammanager;Ja;Zeer ontevreden;Zeer tevreden;Neutraal;Neutraal;CRM ligt er vaak uit of is erg traag;mijn afdeling houdt zich dagelijks bezig met QIS, CRM, Outlook, Snapper en Skype. Door de vele foutmeldingen in deze systemen is het haast een onwerkbare situatie. Hier moet echt veel meer aandacht voor komen.
180;Regionale Univé;Dichtbij;;Medewerker afdeling/team;Ja;Tevreden;Tevreden;Tevreden;Tevreden;;Bij problemen graag betere reacties. Er wordt vaak gereageerd in termen, wat iemand zonder IT achtergrond vaak niet begrijpt. 
181;Regionale Univé;Groene Hart;;Medewerker afdeling/team;Ja;Tevreden;Neutraal;Tevreden;Tevreden;"Veel dingen zijn er niet overzichtelijker op geworden met de cloudgang (scrollen is prettiger dan extra klikken)
";Op het moment AlwaysOn VPN, DA geeft vaak problemen. Wat wel vervelend is, is dat er al sinds halverwege 2020 aan gewerkt wordt en daarom DA en Pulse geen verbeteringen meer lijken te krijgen. 
190;Regionale Univé;Noord-Holland;;Afdelings-/Teammanager;Ja;Zeer ontevreden;Zeer ontevreden;Zeer ontevreden;Zeer ontevreden;Snellere updates, meer verbeteringen doorvoeren van de lijst met punten, verbinding met QIS en meer inrichten voor zakelijk. ;
195;Regionale Univé;Stad en Land;;Medewerker afdeling/team;Ja;Zeer tevreden;Zeer tevreden;Tevreden;Zeer tevreden;Geen ;
200;Regionale Univé;Stad en Land;;Medewerker afdeling/team;Ja;Ontevreden;Ontevreden;n.v.t./weet het niet;Ontevreden;heb ik al aangegeven in de CRM enquete. het systeem is niet zo gebruikersvriendelijk en kan veel beter.;
202;Regionale Univé;Zuid-Nederland;;Medewerker afdeling/team;Ja;Tevreden;Tevreden;Tevreden;Tevreden;;Het functioneren van de diverse systemen waarin ik werk. Het is echt mega irritant als een bepaald systeem niet werkt wanneer je een klant aan de lijn hebt. Wel ben ik erg tevreden over de hulp die ik krijg wanneer ik IT issues heb
203;Centrale Organisatie - Overige afdelingen;;Schade;Medewerker afdeling/team;Ja;Tevreden;Ontevreden;Tevreden;Neutraal;werken we te weinig mee, daarom niet helemaal er in thuis en dat maakt het lastig.  Ook lastig is dat Schade geen meldingen in het systeem kan zetten, dat je daarvoor contact met ru moet hebben. ;
207;Regionale Univé;Noord-Nederland;;Medewerker afdeling/team;Ja;Neutraal;Neutraal;Tevreden;Neutraal;onoverzichtelijk systeem;
209;Regionale Univé;Groene Hart;;Medewerker afdeling/team;Ja;Tevreden;Neutraal;Neutraal;Neutraal;Als schadebehandelaar gebruik je CRM nauwelijks. Wanneer ik het wel gebruik vind ik het, misschien juist door niet al te veel ervaring, een omslachtig systeem. ;
215;Regionale Univé;Dichtbij;;Medewerker afdeling/team;Ja;Ontevreden;Ontevreden;Neutraal;Neutraal;;Performance laptop en performance systemen 
216;Regionale Univé;Stad en Land;;Medewerker afdeling/team;Ja;Tevreden;Neutraal;Neutraal;Neutraal;De tegels worden erg slecht opgeladen. ;Tegels in CRM. Toegang in portals van derde maatschappijen
221;Regionale Univé;Oost;;Medewerker afdeling/team;Ja;Neutraal;Neutraal;Ontevreden;Neutraal;"Uniek; zoeken hierin kan tegenwoordig alleen maar met/op de juiste begin woorden. Bijvoorbeeld WI verhuizing. Op dit woord vind je wat, maar op verhuizing alleen, niets.   ";Al aangegeven, metingen op KPN leiding ivm Wifi op de kantoren.
224;Regionale Univé;Oost;;Medewerker afdeling/team;Ja;Tevreden;Tevreden;Tevreden;Tevreden;Nee. Niet op dit moment. ;Problemen snel verhelpen. 
226;Regionale Univé;Noord-Holland;;Medewerker afdeling/team;Ja;Ontevreden;Neutraal;Ontevreden;Neutraal;langere historie tonen. nu kun je maar tot 10 items terugkijken waardoor je wel eens een klant terugzoekt en niet meer kan vinden. snellere en makkelijkere vastlegging qua IDD. kost nu heel veel tijd en dubbele vastlegging in je gespreksverslag qua dekking. veel dubbel invullen in QIS en CRM, comm.voorkeur. commercieel beeld vullen etc. kan voor adviseurs nog wel wat gebruiksvriendelijker denk ik;Bereikbaarheid en die is erg goed! 
228;Regionale Univé;Stad en Land;;Medewerker afdeling/team;Ja;Tevreden;Tevreden;n.v.t./weet het niet;Tevreden;Zou handig zijn als je ALTIJD de naam van de klant in het scherm ziet. Dat is nu niet het geval.;
230;Regionale Univé;Noord-Holland;;Medewerker afdeling/team;Ja;Tevreden;Tevreden;Tevreden;Tevreden;Sinds CRM is veranderd dit jaar ben ik erg tevreden. Nagenoeg geen storingen. ;
234;Centrale Organisatie - Overige afdelingen;;Schade;Medewerker afdeling/team;Ja;Tevreden;Tevreden;Tevreden;Tevreden;wij hebben op schade alleen een kijkfunctie soms is het belangrijk om zelf iets in CRM te zetten maar dat kan niet.;
238;Regionale Univé;Zuid-Nederland;;Medewerker afdeling/team;Ja;Tevreden;Tevreden;Tevreden;Tevreden;wijziging eigenaar neerleggen bij de medewerkers ivp bij de superuser;
246;Regionale Univé;Noord-Holland;;Medewerker afdeling/team;Ja;Neutraal;Ontevreden;n.v.t./weet het niet;Neutraal;Dat je niet elke keer opnieuw de gegevens van de klant moet invullen als je net toevallig de verkeerde persoon uit het gezin hebt geopend voor het verzekeringspakken. Je kunt dan niet meer terugbladeren maar moet weer opnieuw pc huisnummer invullen. ;
250;Regionale Univé;Oost;;Medewerker afdeling/team;Ja;Tevreden;Tevreden;Tevreden;Tevreden;;snelheid QIS mag echt nog wel beter
252;Regionale Univé;Zuid-Nederland;;Medewerker afdeling/team;Ja;Tevreden;Ontevreden;Tevreden;Tevreden;Je kan niet goed in 1 oogopslag zien wat er allemaal met de klant is besproken. je moet dan telkens een notitie openen.;Snelheid & dat het altijd goed werkt.
257;Centrale Organisatie - Overige afdelingen;;IT;Medewerker afdeling/team;Ja;Tevreden;n.v.t./weet het niet;n.v.t./weet het niet;Tevreden;;Effectieve en snelle aansluiting van de IT Dienstverlening op Samen zetten we de toon.
264;Regionale Univé;Stad en Land;;Medewerker afdeling/team;Ja;Tevreden;Tevreden;Tevreden;Tevreden;Nee;
265;Regionale Univé;Groene Hart;;Medewerker afdeling/team;Ja;Ontevreden;Tevreden;Tevreden;Neutraal;het zou top zijn als je heel duidelijk de datum van het laatste onderhoudsgesprek kunt zien;de snelheid van de systemen
267;Regionale Univé;Oost;;Medewerker afdeling/team;Ja;Tevreden;Tevreden;Tevreden;Tevreden;"Wettelijke zaken; b.v. wwft automatiseren. Zaken die moeten zodanig inrichten dat ze niet fout kunnen gaan. ";
270;Regionale Univé;Groene Hart;;Medewerker afdeling/team;Ja;Zeer ontevreden;Tevreden;Tevreden;Tevreden;;snellere verbinding
271;Regionale Univé;Oost;;Medewerker afdeling/team;Ja;Neutraal;Neutraal;Neutraal;Neutraal;Mailfunctie. In de case kun je een afspraak aanmaken, in de afspraak vul je datum tijd etc in. Dan zou je ook een automatisch gegenereerde mail moeten kunnen versturen vind ik. Nu moet je handmatig een mail opmaken of copy paste vanuit oude mail voor afspraakbevestiging.;Werkplek en werksysteem gerelateerde zaken
279;Centrale Organisatie - Overige afdelingen;;Schade;Medewerker afdeling/team;Ja;Ontevreden;Zeer ontevreden;n.v.t./weet het niet;Ontevreden;;performance qis en workplace connection
285;Regionale Univé;Noord-Holland;;Medewerker afdeling/team;Ja;Tevreden;Tevreden;Tevreden;Tevreden;Te vaak storing, zoals geen tegels of niet door kunnen linken naar QIS. ;Het wordt tijd voor nieuwe laptops. De USB aansluitingen worden lam, waardoor deze niet goed verbinding meer maken.
299;Regionale Univé;Oost;;Medewerker afdeling/team;Ja;Neutraal;Tevreden;Neutraal;Neutraal;Regelmatig toch wel problemen met het laden van de verzekeringstegels of het laden naar een nieuwe pagina. ;
302;Regionale Univé;Zuid-Nederland;;Medewerker afdeling/team;Ja;Tevreden;Tevreden;Tevreden;Tevreden;"Minder uitval CRM zou wel prettig zijn.

Een snellere koppeling van zaken tussen CRM en QIS is aan te bevelen. Bij kleine verschillen zou er een uitval mogelijk kunnen zijn waardoor dubbele relaties wordt voorkomen.

Betere werkwijze voor samenvoegen dubbele relaties
";Prettig werkende systemen met zo min mogelijk uitval. Geen maandelijkse vertragingen tijdens de prolongatie. Kennissessies over de CRM, QIS, Website en APP
304;Regionale Univé;Dichtbij;;Afdelings-/Teammanager;Ja;Tevreden;Zeer tevreden;Zeer tevreden;Zeer tevreden;"Snelheid van CRM naar Finly is bijzonder traag; je raakt er aan gewend, maar het is traag.";systeem performances/snelheden
305;Regionale Univé;Dichtbij;;Afdelings-/Teammanager;Ja;Tevreden;Tevreden;n.v.t./weet het niet;Tevreden;geen;stabiel systeem
306;Regionale Univé;Zuid-Nederland;;Medewerker afdeling/team;Ja;Neutraal;Neutraal;Neutraal;Neutraal;trage werking, waaronder ook de tegels die niet laden;betere werking van snapper icm skype, betere werking van crm en tegels vanuit QIS. Workplace connection werkt niet altijd. 
307;Regionale Univé;Noord-Nederland;;Medewerker afdeling/team;Ja;Tevreden;Tevreden;Tevreden;Tevreden;Het zou fijn zijn als wij binnen TPA meer mogelijkheden kregen met betrekking tot de Mijn Univé app;stabiliteit en bereikbaarheid
311;Regionale Univé;Zuid-Nederland;;Medewerker afdeling/team;Ja;Tevreden;Ontevreden;Neutraal;Neutraal;Onlogisch en onoverzichtelijk systeem;"De contacten met de collega's van de helpdesk, zijn prima, vriendelijk en behulpzaam
De problemen rondom Microsoft en het (niet kunnen) thuiswerken met alle storingen daarom, de met regelmaat traag werkende systemen, heen zorgen voor veel problemen
Petje af voor alle medewerkers in alle geduld en kennis
"
316;Regionale Univé;Noord-Nederland;;Medewerker afdeling/team;Ja;Tevreden;Tevreden;Tevreden;Tevreden;Het zou fijn zijn om een chatfunctie in CRM te hebben om collega's berichtjes te sturen vanuit een bepaalde case. ;Geen idee, ik ben pas net in dienst
319;Regionale Univé;Dichtbij;;Medewerker afdeling/team;Ja;Zeer tevreden;Zeer tevreden;Tevreden;Tevreden;Er wordt hier geen gebruik gemaakt van het versturen van e-mails vanuit CRM. Er kan ook geen bijlage worden toegevoegd in de e-mail zelf. ;Ik vind het belangrijkst dat de we de systemen, die wij gebruiken goed werken. Als Qis of CRM er ineens uitligt kunnen we ons werk, maar beperkt uitvoeren. 
328;Regionale Univé;Stad en Land;;Medewerker afdeling/team;Ja;Tevreden;Tevreden;Tevreden;Tevreden;;Actualiteit DDP en netwerksnelheid op kantoor.
329;Regionale Univé;Stad en Land;;Medewerker afdeling/team;Ja;Tevreden;Neutraal;Tevreden;Tevreden;Het zou fijn zijn als de telefoon over gaat je direct de klant in beeld krijgt in CRM. Dus een koppeling met telefonie;
347;Regionale Univé;Oost;;Medewerker afdeling/team;Ja;Neutraal;Neutraal;Neutraal;Neutraal;nee;Performance Qis en CRM
348;Centrale Organisatie - Overige afdelingen;;Commercie;Medewerker afdeling/team;Ja;Ontevreden;Neutraal;n.v.t./weet het niet;Neutraal;is vaak erg traag;
353;Centrale Organisatie - Overige afdelingen;;Schade;Medewerker afdeling/team;Ja;Tevreden;n.v.t./weet het niet;n.v.t./weet het niet;Tevreden;;Zaken die mij persoonlijk raken als medewerker. Kwaliteit van de laptops (daar vind ik wel wat van), integratie en kwaliteit van de diverse platformen die we gebruiken zoals Qis, CRM, Synergie maar ook office 365 en alle onderdelen die daarbinnen vallen. Er valt zeker nog veel winst te halen op het gebied van kennis over het gebruik van dit soort systemen. 
357;Regionale Univé;Zuid-Nederland;;Medewerker afdeling/team;Ja;Neutraal;Neutraal;Neutraal;Neutraal;Het zou heel fijn zijn als je vanuit CRM kan bellen en mailen. Ook mailsjablonen vanuit crm gebruiken zou veel sneller werken. Vooral als deze dan ook gelijk opgeslagen worden in de case.;
362;Regionale Univé;Noord-Nederland;;Medewerker afdeling/team;Ja;Tevreden;Tevreden;Tevreden;Tevreden;Minder verstoringen dan Qis;Goed gebruik en snelheid van de programma's met zo min mogelijk verstoringen.
365;Regionale Univé;Noord-Nederland;;Medewerker afdeling/team;Ja;Zeer tevreden;Neutraal;Neutraal;Neutraal;crm is een beetje omslachtig, maar werkt wel snel;
366;Regionale Univé;Dichtbij;;Medewerker afdeling/team;Ja;Tevreden;Tevreden;Tevreden;Tevreden;;snelheid crm en qis kan beter, verder zeer tevreden.
369;Regionale Univé;Zuid-Nederland;;Medewerker afdeling/team;Ja;Ontevreden;Zeer tevreden;Zeer tevreden;Zeer tevreden;;"Communicatie moet echt beter. 
Er wordt teveel vertrouwd op de structuur van de decentraal beheerder en de helpdesk en dat die het allemaal wel overbrengen naar de eindgebruikers. Dat is dikwijls niet het geval. De decentraal beheerders hebben het te druk en de helpdesk kan en weet veel te weinig (enkele uitzonderingen daargelaten).
Het is simpelweg niet voldoende voor de RU om de stelling te nemen dat de IT is uitbesteed aan CO en dat daarmee de kous af is. Er is op decentraal niveau veel meer nodig dan een decentraal beheerder om alles in goede banen te leiden en alle informatie op de juiste wijze over te brengen naar de veelal a-technische medewerkers. Geen idee of dat een algemeen IT probleem is of vooral een RU probleem, maar dat het probleem er is, is wel duidelijk"
373;Centrale Organisatie - Overige afdelingen;;Commercie;Medewerker afdeling/team;Ja;Tevreden;Ontevreden;Tevreden;Neutraal;Ik ben tevreden over de dienstverlening en service zeker tevreden maar waar ik steeds weer tegenaan loop, zijn de 'eilandjes'. Wanneer er een wijziging doorgevoerd moet worden in bijv. CRM dan schiet ik een Topdesk verzoek in, krijg het vervolgens weer terug op mijn bureau met het verzoek het in te dienen in een procesoverleg polis zodat het in Qis kan worden aangepast en ik het weer opnieuw moet indienen bij CRM zodra het in Qis geregeld is. Dit kan mijns inziens veel efficiënter wanneer deze afdelingen onderling over dit soort zaken communiceren en is in dat geval ook veel minder foutgevoelig aangezien het nu steeds via mijn bureau gaat en ik de boodschap moet doorgeven terwijl ik geen IT-kennis heb.;Minder 'eilandjes' waardoor onderling tussen afdelingen/verschillende divisies een issue dat wordt ingeschoten opgepakt wordt.
385;Regionale Univé;Stad en Land;;Medewerker afdeling/team;Ja;Tevreden;Tevreden;n.v.t./weet het niet;Tevreden;Geen;Geen
392;Centrale Organisatie - Overige afdelingen;;IT;Medewerker afdeling/team;Ja;Tevreden;Tevreden;Tevreden;Tevreden;;Performance en stabiliteit van de platformen
393;Regionale Univé;Zuid-Nederland;;Medewerker afdeling/team;Ja;Tevreden;Tevreden;Tevreden;Tevreden;;Duidelijkheid, snelheid en vriendelijkheid. Tevens uniformiteit. Op dat laatste punt vindt een verbetering plaats.
396;Regionale Univé;Groene Hart;;Medewerker afdeling/team;Ja;Tevreden;Tevreden;Zeer tevreden;Tevreden;Eenvoudig en overzichtelijk. ;Niets meer toe te voegen:) 
398;Regionale Univé;Noord-Nederland;;Medewerker afdeling/team;Ja;Neutraal;Ontevreden;Ontevreden;Ontevreden;;Betrouwbare systemen om klanten te kunnen helpen
400;Regionale Univé;Noord-Nederland;;Medewerker afdeling/team;Ja;Neutraal;Tevreden;n.v.t./weet het niet;Tevreden;Soms erg traag en het gebeurt erg vaak dat je de melding krijgt dat tegels niet geladen kunnen worden.;vooral het laden van tegels in crm wat soms niet gebeurt is erg vervelen
405;Regionale Univé;Zuid-Nederland;;Medewerker afdeling/team;Ja;Zeer ontevreden;Tevreden;Tevreden;Ontevreden;CRM is waarin we onze administratie doen en onze contacten registreren. Het is vervelend dat je dan ook nog traagheid ervaart als je al veel moet vastleggen. Het zou de bereikbaarheid ten goede komen als het sneller reageert. ;Er zijn veel belemmeringen in mijn werk. Het heeft niets te maken met de welwillendheid van de mederwerkers, echter wel met de traagheid het niet werken. Unive.nl ligt er in de zorg tijd regelmatig uit, super vervelend. Heeft echt invloed op planning, besch
406;Regionale Univé;Noord-Nederland;;Medewerker afdeling/team;Ja;Tevreden;Tevreden;Neutraal;Tevreden;vind het niet een lekkere omgeving om in te werken;actueel materiaal
411;Regionale Univé;Dichtbij;;Medewerker afdeling/team;Ja;Zeer tevreden;Zeer tevreden;Zeer tevreden;Zeer tevreden;;Snelle oplossing van storingen en de medewerkers vroegtijdig informeren.
412;Regionale Univé;Stad en Land;;Medewerker afdeling/team;Ja;Neutraal;Tevreden;Neutraal;Neutraal;Het dasboard zou je zelf moeten kunnen indelen met 1 of 2 onderdelen zodat er alleen die info in staat waar je mee aan de slag wilt. Nu teveel info in 1 scherm. Maakt onduidelijk.;meer verbeteringen en ontwikkeling in nieuwe toepassingen in QIS en CRM
416;Regionale Univé;Stad en Land;;Medewerker afdeling/team;Ja;Tevreden;Tevreden;Tevreden;Tevreden;geen;Het DDP rapport Overview of New Claims. Snelheid en actualiteit verbeteren.
417;Regionale Univé;Noord-Nederland;;Medewerker afdeling/team;Ja;Tevreden;Tevreden;Neutraal;Tevreden;Er vinden wel heel veel wijzigingen plaats;
419;Regionale Univé;Dichtbij;;Medewerker afdeling/team;Ja;Tevreden;Neutraal;Tevreden;Tevreden;"Onlangs zijn we overgegaan op de ""nieuwe"" CRM. Jammer genoeg zijn een aantal functies (zoals bijvoorbeeld het automatisch aanvullen) (nog) niet weer terug. ";Geen problemen meer met de nieuwe headset (gebruik weer de oude) en nog wat aanpassingen in CRM om snelheid te kunnen behouden tijdens het bellen.
421;Regionale Univé;Stad en Land;;Medewerker afdeling/team;Ja;Tevreden;Tevreden;Tevreden;Tevreden;Zelf de mogelijkheid om query's te draaien en overzetten in excel. Zou mooi zijn als dat kan;De app niet meer koppelen aan een emailadres voor betere toegankelijkheid vanuit particulier en zakelijk. 
426;Regionale Univé;Zuid-Nederland;;Medewerker afdeling/team;Ja;Neutraal;Ontevreden;Neutraal;Neutraal;;Stabiliteit van de systemen verbeteren, zowel Crm, Qis, Skype en Snapper.
427;Regionale Univé;Noord-Nederland;;Medewerker afdeling/team;Ja;Neutraal;Neutraal;n.v.t./weet het niet;Neutraal;Tegels laden met regelmaat niet. Tegels mbt derden staan vaak niet vermeld (bv uitvaartverzekering (en dan niet de overgedragen uitvaartverzekeringen;
436;Regionale Univé;Oost;;Medewerker afdeling/team;Ja;Neutraal;Neutraal;Neutraal;Neutraal;Wat mij betreft moeten bepaalde software beter met elkaar communiceren. Bijvoorbeeld wanneer ik een e-mail stuur dan zou ik het makkelijker aan CRM dossier moeten kunnen koppelen, waardoor het e-mail verkeer ook makkelijker terug te vinden is. ;De opstart van de laptop mag sneller (indien dit ook haalbaar is).
437;Regionale Univé;Oost;;Medewerker afdeling/team;Ja;Neutraal;Ontevreden;Neutraal;Ontevreden;CRM is een erg omslachtig systeem niet gebruiksvriendelijk;"Toch meer kennis bij medewerkers van ATS.   Meer USB kabelpoorten per kantoor op voorraad deze gaan geregeld stuk waardoor je je stick in de poort van de telefoon moet doen maar ja dan kun je weer niet bellen via Skype / Teams.
Kortom aan die kleine dingen kan wel wat meer aandacht worden besteed."
440;Regionale Univé;Dichtbij;;Afdelings-/Teammanager;Ja;Ontevreden;Ontevreden;Tevreden;Ontevreden;Nieuwe release is er voor de Financiële kavel in ieder geval niet gebruikersvriendelijker op geworden.;"Dat processen tussen diverse platvormen, bijv. QIS en CODA, stabieler worden en niet regelmatig tot uitval leiden.
Datakwaliteit over alle systemen heen moet ook heel veel beter binnen Univé."
442;Regionale Univé;Zuid-Nederland;;Medewerker afdeling/team;Ja;Tevreden;Tevreden;Tevreden;Tevreden;helaas is het na de laatste update zo dat je niet in 1 overzicht de cases kan zien. en moet je constant klikken.;
444;Regionale Univé;Zuid-Nederland;;Medewerker afdeling/team;Ja;Ontevreden;Zeer ontevreden;Ontevreden;Ontevreden;"Wanneer je een CRM-dingetje hebt wordt weer doorverwezen naar een key-user. Dan wordt het zo'n ""kastje naar de muur"" verhaal";"De performance is onder de maat. 
Verschillende systemen werken niet goed. Zeker de laatste tijd met workplace connection. 
Daardoor werken QIS en CRM onvoldoende. 
Vervolgens contact opnemen met de helpdesk en dan word je doorverwezen naar decentraal beheer, of de verschillende key-users. Of de helpdesk moet weer uitzoeken in een hoger echelon. Je wilt direct geholpen worden."
446;Regionale Univé;Groene Hart;;Afdelings-/Teammanager;Ja;Neutraal;Ontevreden;Tevreden;Neutraal;ja, historie klantcontacten erg ondoorzichtig doordat casessen weer onderverdeeeld worden in taken en subtaken. overzicht krijgen is erg tijdrovend. Daarnaast zijn bijlagen moeilijk terug te vinden. meerdere mappen en de ene bijlage is op case niveau zichtbaar en de andere weer niet. vreemd.;CRM en Power BI. zie eerder opmerkingen hierover. voor de rest doen jullie het prima!
450;Regionale Univé;Zuid-Nederland;;Medewerker afdeling/team;Ja;Tevreden;Tevreden;Tevreden;Tevreden;;Houden zoals het nu is. Persoonlijk contact werkt het snelst als er een issue is. 
453;Regionale Univé;Noord-Nederland;;Medewerker afdeling/team;Ja;Zeer tevreden;Zeer tevreden;Zeer tevreden;Zeer tevreden;Ga vooral zo door;Toegankelijker maken
455;Regionale Univé;Groene Hart;;Medewerker afdeling/team;Ja;Zeer tevreden;Zeer tevreden;Zeer tevreden;Zeer tevreden;Verbeterpunten en/of verander suggesties. Zou wenselijk zijns, indien van toepassing,  dat deze sneller opgepakt worden.;N.v.t.
456;Centrale Organisatie - Overige afdelingen;;Schade;Medewerker afdeling/team;Ja;Tevreden;Tevreden;Tevreden;Tevreden;Nvt;Nvt
459;Regionale Univé;Noord-Holland;;Medewerker afdeling/team;Ja;Ontevreden;Zeer ontevreden;Zeer ontevreden;Ontevreden;Na de cloudgang van CRM zijn zaken er zeker níet op vooruit gegaan. Verschillende verbetervoorstellen zijn gedaan, maar daar wordt geen enkele terugkoppeling op gegeven. Het terugzoeken van een bepaalde case of activiteit is bij grote klanten bijna onmogelijk.;
461;Regionale Univé;Noord-Holland;;Medewerker afdeling/team;Ja;Neutraal;Neutraal;Neutraal;Neutraal;zie vorig bericht;er zijn de afgelopen tijd in mijn ogen teveel storingen geweest
464;Regionale Univé;Noord-Holland;;Afdelings-/Teammanager;Ja;Ontevreden;Neutraal;Tevreden;Neutraal;Snelheid moet beter. Meer (commerciele) tools inbouwen voor de adviseurs. ;"Laptops zijn slecht. Veel uitval. Laptops stuk, poorten stuk, Vastlopers, etc.
Skype is dramatisch qua performance, storingen, snapper, etc.
CRM moet sneller en functioneler. Meer commerciele tools (zoas NBA's) inbouwen
Ondersteuning op telefonie(data) is slecht. Lange doorlooptijden, kastje muur, niet welwillend om te helpen. bureaucratisch."
469;Regionale Univé;Dichtbij;;Medewerker afdeling/team;Ja;Neutraal;Ontevreden;Neutraal;Neutraal;neen;geen suggesties
480;Centrale Organisatie - Overige afdelingen;;Rechtshulp;Medewerker afdeling/team;Ja;Tevreden;Tevreden;n.v.t./weet het niet;Tevreden;Vind het niet altijd even overzichtelijk qua notities van telgesprekken bijvoorbeeld. Is dit makkelijker in te delen zodat het overzichtelijker is wanneer de klant belt en waarover zonder dat je 6x moet doorklikken.;BOSS/Synergy lekker snel maken. 
481;Regionale Univé;Zuid-Nederland;;Medewerker afdeling/team;Ja;Ontevreden;Neutraal;Neutraal;Neutraal;nee;snel geholpen worden en niet meerdere keren voor hetzelfde probleem moeten bellen
483;Regionale Univé;Dichtbij;;Medewerker afdeling/team;Ja;Zeer ontevreden;Neutraal;n.v.t./weet het niet;Neutraal;CRM is traag en laad vaak de tegels niet. Ook gaat de koppeling met Finly niet altijd goed. Daarbij is het vervelend dat er meer geklikt moet worden in plaats van scrollen (scrollen is namelijk sneller).;
484;Regionale Univé;Stad en Land;;Medewerker afdeling/team;Ja;Tevreden;Neutraal;Tevreden;Tevreden;CRM laat met enige regelmaat de tegels niet zien. En hierdoor moet ik regelmatig via omwegen de polissen van de klant in beeld brengen. ;Dat CRM beter gaat werken. Dat is ons onze basis en doordat tegels niet zichtbaar zijn kan ik er niet altijd op vertrouwen dat ik alles van relatie in beeld heb. 
485;Regionale Univé;Noord-Holland;;Medewerker afdeling/team;Ja;Tevreden;Tevreden;Tevreden;Tevreden;;gebruikersgemak en toegankelijkheid
486;Regionale Univé;Zuid-Nederland;;Medewerker afdeling/team;Ja;Ontevreden;Ontevreden;n.v.t./weet het niet;Ontevreden;Veel onnodige handelingen om zaken af te handelen. Bij efficiëntere inrichting kan een hoop tijdwinst worden behaald.;Telefonie (goed werkend systeem voor verdeling van binnenkomende telefoontjes en registraties) Efficiënt ingerichte systeem, beperking van dubbele invoer van handelingen en verslaglegging in verschillende systemen.
493;Regionale Univé;Zuid-Nederland;;Medewerker afdeling/team;Ja;Tevreden;Tevreden;Tevreden;Tevreden;;De telefonie. Er zijn te vaak problemen met Skype/Snapper
498;Regionale Univé;Oost;;Medewerker afdeling/team;Ja;Tevreden;Tevreden;n.v.t./weet het niet;Tevreden;"nee
";"*werkbaarheid; het makkelijk kunnen vinden van informatie; zoals de snelknoppen die in de nieuwe versie op sharepoint zijn geplaatst
*actualiteit; snel bijgewerkte data vanuit QIS bijv"
506;Regionale Univé;Zuid-Nederland;;Medewerker afdeling/team;Ja;Tevreden;Ontevreden;n.v.t./weet het niet;Neutraal;Ik heb héél vaak dat de tegels niet kunnen inladen of dat het weigert twee klanten te samenvoegen, als ik dit laatste dan een uur later nogmaals probeert werkt het wel. ;Helpen altijd
507;Regionale Univé;Zuid-Nederland;;Medewerker afdeling/team;Ja;Ontevreden;Ontevreden;Tevreden;Ontevreden;"Ik mis na de nieuwe release het overzicht van de klantgegevens en de laatst besproken zaken. Hiervoor moet ik nu naar het tabblad ""activiteiten en cases"", maar dan ben ik de samenvatting van de klantkaart kwijt. Niet alle bijlagen van alle cases staan verzameld onder het tabblad ""bijlagen"", het zou fijn zijn als dat kan. Ik zou graag de gegevens van partner en eventuele kinderen ook in het scherm willen zien. Wellicht kan de leeftijd ook worden weergegeven van de klant?";Betere internetverbinding, beter telefoonsysteem, gebruiksvriendelijker QIS, gebruiksvriendelijker CRM.
509;Centrale Organisatie - Overige afdelingen;;IT;Medewerker afdeling/team;Ja;Tevreden;Tevreden;Tevreden;Tevreden;;Verbeteringen op het vlak van gebruikersgemak en efficiëntie.
512;Regionale Univé;Zuid-Nederland;;Medewerker afdeling/team;Ja;Ontevreden;Neutraal;Neutraal;Neutraal;Soms kan CRM wat sneller werken, je merkt dat we te veel mogelijkheden c.q. inzicht hebben, dan moet je soms even zoeken welke scherm je nodig heb om verder te kunnen komen.;Mijn Univé wachtwoord herstel zou anders kunnen.
513;Regionale Univé;Stad en Land;;Medewerker afdeling/team;Ja;Neutraal;Tevreden;Zeer tevreden;Tevreden;Met name het opslaan, afsluiten of heractiveren van cases mag wel wat sneller;"Intranet. 
Ik wil graag eén plek/ kanaal waar ik alles kan vinden op het moment dat ik het nodig heb. Ik heb daarom geen behoefte aan nieuwsbrieven of e-mails (tenzij het om urgente zaken gaat uiteraard)."
521;Regionale Univé;Noord-Holland;;Medewerker afdeling/team;Ja;Tevreden;Tevreden;Tevreden;Tevreden;Het lijkt me fijn als zodra je een case open hebt je nog in het klantbeeld kunt kijken zonder de case te sluiten. Ook kun je niet doorlinken naar qis vanuit een openstaande case en zul je eerst weer terug naar samenvatting moeten. Dat vind ik soms onhandig. Ook lijkt het mij prettig om vanuit de samenvatting de openstaande case/afspraak/taak te zien. ;Gebruikersverbeteringen toepassen, maar dat doen jullie volgens mij al heel goed :) 
522;Regionale Univé;Noord-Holland;;Medewerker afdeling/team;Ja;Neutraal;Neutraal;Tevreden;Neutraal;Het inladen van tegels is duurt soms lang en is soms helemaal niet zichtbaar  Hierdoor moet je extra handelen in QIS doen om de gegevens naar voren te halen. Dat is wel eens vervelend.;Goede snelheid van de systemen zodat ik mijn werk snel en prettig kan doen.
526;Regionale Univé;Dichtbij;;Medewerker afdeling/team;Ja;Zeer tevreden;Zeer tevreden;Zeer tevreden;Zeer tevreden;crm werkt goed. soms iets te traag;in de systemen zelf en snelheid van systemen
527;Regionale Univé;Dichtbij;;Medewerker afdeling/team;Ja;Tevreden;Zeer tevreden;Tevreden;Tevreden;;"Op de IT-pagina op het nieuwe intranet vind ik niet heel veel actuele info, net zoals de rest van Univé communiceert via laten we zeggen de voorkant van het intranet met de banners. Ik denk dat je de IT-pagina ook iets meer naar voren moet halen, en aangeven wat deze club allemaal doet. 
temeer hangt bijna heel Univé aan elkaar van de clouddiensten, dus is het heel belangrijk dat we ook iets meer informatie gevoed krijgen niet alleen via de afdelingsleiders, maar ook vanuit de processen en changes op de achtergrond, die gaan komen, of geïmplementeerd gaan worden."
528;Regionale Univé;Dichtbij;;Medewerker afdeling/team;Ja;Ontevreden;Tevreden;Neutraal;Tevreden;CRM laadt vaak geen tegels en daardoor lijkt het alsof klant geen polis heeft. Ik ben voorstander van CRM, maar ik merk dat we het op de afdeling niet optimaal gebruiken waardoor alles een puzzeltje is.;Ik merk dat als ik wat heb sneller en beter geholpen wordt door de RU ITér dan de CO ITér. Voorbeeld: bij in dienst treden lukte het niet om in te loggen in Broker Connect. CO ITér geeft aan dat het een week kan duren, want ze weten niet wat het probleem is. Ik loop of bel naar Wim en binnen 5 minuten is het opgelost. Dus als ik IT RU moet beoordelen is dit zeer tevreden. Als ik IT CO moet beoordelen is dit tevreden/neutraal. 
531;Regionale Univé;Dichtbij;;Medewerker afdeling/team;Ja;Tevreden;Tevreden;Tevreden;Tevreden;Geen;Ervoor zorgen dat Qis niet meer heel traag is bij de grote pakketten
533;Regionale Univé;Samen;;Medewerker afdeling/team;Ja;Zeer tevreden;Ontevreden;n.v.t./weet het niet;Tevreden;Jammer dat er bij het nieuwe CRM bepaalde functies zijn verwijderd, zoals het doorklikken naar de volgende activiteit in een case. ;
537;Regionale Univé;Stad en Land;;Medewerker afdeling/team;Ja;Neutraal;Tevreden;Neutraal;Neutraal;;wijziging van skype
543;Regionale Univé;Noord-Holland;;Afdelings-/Teammanager;Ja;Tevreden;Neutraal;Tevreden;Tevreden;Er zouden versneld wel wat handige opties aan toegevoegd kunnen worden zoals bv een knop in outlook waardoor je snel een mail in crm kunt zetten ;
546;Regionale Univé;Dichtbij;;Medewerker afdeling/team;Ja;Tevreden;Tevreden;Tevreden;Tevreden;;De bereikbaarheid is nu goed, zo houden dus.
547;Regionale Univé;Zuid-Nederland;;Medewerker afdeling/team;Ja;Neutraal;Tevreden;Zeer tevreden;Tevreden;;Communicatie via 1 kanaal en niet via diverse kanalen en het is goed dat dit bij iedereen binnen de gehele organisatie terecht komt. Van leidinggevenden tot medewerkers. 
550;Regionale Univé;Noord-Holland;;Medewerker afdeling/team;Ja;Tevreden;Tevreden;n.v.t./weet het niet;Tevreden;"Soms komen er wel een foutmeldingen in te staan, met een bijzondere lange tekst. 
Ook vind ik dat je bij samenvoegen van relaties niet een duidelijke vraag krijg en dan vaak in twijfel ben of het allemaal wel goed gaat.
Bij het aanmaken van een nieuwe case moet je scrollen van a t/m z. Je kan niet een """"i"""" indrukken voor het veld """"informatie"""". bij royement helemaal naar onder. Ook weer tijdrovend en werkt eerder fouten/frustraties in de hand";Ik had laatst een melding gemaakt in selfserviceportal voor een klant bij wie de VOW van de autopolis was afgehaald. Voordat ik antwoord had was ik 7 weken verder. Het ging van de ene nar de andere collega en bleef iedere keer ergens liggen. Ook tussendoor nog geprobeerd te bellen en jullie waren ook niet goed bereikbaar. Ik was  ook niet tevreden met het antwoord dat klant de VOW er zelf dan wel er afgehaald zou hebben of te kort de app had gebruikt. Dit was namelijk niet het geval. De klant heb ik uiteindelijk gebeld en hij hoefde VOW er ook niet meer op te hebben, na al dit gedoe. 
552;Regionale Univé;Noord-Holland;;Medewerker afdeling/team;Ja;Tevreden;Tevreden;Tevreden;Tevreden;Het zou fijn zijn als de verzekeringen van een eventuele partner ook direct zichtbaar zouden zijn in het beginscherm. Soms moet de klant er zelf over beginnen dat er nog verzekeringen zijn op naam van partner. ;geen idee op dit moment. 
553;Regionale Univé;Dichtbij;;Medewerker afdeling/team;Ja;Tevreden;Ontevreden;Neutraal;Neutraal;Tegels laden vaak niet in.;
557;Regionale Univé;Zuid-Nederland;;Medewerker afdeling/team;Ja;Ontevreden;Tevreden;Tevreden;Tevreden;;De mijn Unive app verbeteren scheelt ons en klant veel werk , aanvragen gaan regelmatig verkeerd . Skype en snapper geven dagelijks storingen , het melden van storingen ben ik maar mee gestopt. Het wordt niet verholpen.
559;Regionale Univé;Noord-Nederland;;Medewerker afdeling/team;Ja;Tevreden;Neutraal;Neutraal;Neutraal;De gebruikersvriendelijkheid vind ik niet echt groot. Er vinden regelmatig vernieuwingen plaats, soms best snel achterelkaar, waardoor het lastig is om alles duidelijk te volgen. Misschien nog meer aan ondersteuning doen, misschien nog meer aanspreekpunten die hierin kunnen ondersteunen. Over het algemeen werkt CRM voor mijzelf naar behoren.;duidelijke communicatie en gebruikersvriendelijke systemen
560;Regionale Univé;Groene Hart;;Medewerker afdeling/team;Ja;Neutraal;Tevreden;Tevreden;Tevreden;;"Meer synergie tussen de systemen, niet dezelfde handelingen in meerdere systemen moeten uitvoeren. 
Haal input op de werkvloer op om inzichten te verkrijgen in een zo efficiënt mogelijk proces, zo hebben we meer tijd over voor de klant.  "
571;Regionale Univé;Noord-Holland;;Afdelings-/Teammanager;Ja;Ontevreden;Tevreden;Tevreden;Neutraal;Net als met QIS hebben we afgelopen jaar meer dan anders performance issues gehad. De migratie naar de cloud is wel goed gegaan, fijn voor de business. ;Ik zou voorstellen om langs te komen op de afdelingen waar gewerkt wordt met de systemen. Wellicht wordt dit al gedaan en weet ik dat niet, maar anders: zeker doen. Goed voor wederzijds begrip en te kijken waar gebruikers tegen aan lopen. 
572;Regionale Univé;Noord-Nederland;;Medewerker afdeling/team;Ja;Neutraal;Neutraal;Ontevreden;Neutraal;Andere betere en vriendelijker opmaak maken, misschien wel onderscheid maken op basis van functie. Nu staan er minder belangrijke onderdelen pontificaal in het hoofdscherm;verbeteren van QIS, CRM en de app
573;Regionale Univé;Noord-Nederland;;Afdelings-/Teammanager;Ja;Tevreden;Tevreden;Tevreden;Tevreden;;processen rondom aanpassingen QIS en QIS accounts vereenvoudigen 
578;Regionale Univé;Dichtbij;;Medewerker afdeling/team;Ja;Zeer tevreden;Tevreden;Tevreden;Tevreden;Er zitten wat onlogische zaken in.;
579;Regionale Univé;Dichtbij;;Medewerker afdeling/team;Ja;Tevreden;Tevreden;Tevreden;Tevreden;;geen suggestie
580;Regionale Univé;Zuid-Nederland;;Medewerker afdeling/team;Ja;Tevreden;Tevreden;Tevreden;Tevreden;in 1 keer kunnen zien naast de case wat er in de bijbehorende activiteiten staat in plaats van er op te gaan staan en dan te lezen;Dat de telefonie wordt verbeterd voor ons maar ook zeker voor de service naar onze klanten ! 
582;Regionale Univé;Groene Hart;;Medewerker afdeling/team;Ja;Neutraal;Ontevreden;Tevreden;Ontevreden;Het ophalen van mailtjes gaat niet snel. Ik vind crm niet gebruiksvriendelijk ;zie mijn eerdere antwoorden 
583;Regionale Univé;Dichtbij;;Medewerker afdeling/team;Ja;Zeer ontevreden;Tevreden;Zeer tevreden;Tevreden;;snelheid crm 
584;Regionale Univé;Zuid-Nederland;;Medewerker afdeling/team;Ja;Zeer tevreden;Zeer tevreden;n.v.t./weet het niet;Zeer tevreden;;Stabiele verbinding. Regelmatig valt de DNS verbinding weg als ik thuis werk.
588;Regionale Univé;Noord-Holland;;Medewerker afdeling/team;Ja;Tevreden;Tevreden;Neutraal;Tevreden;stabiliteit is belangrijk, niet nog meer extra koppelingen etc waardoor dit onder druk komt;Stabiliteit in systemen
591;Regionale Univé;Noord-Nederland;;Medewerker afdeling/team;Ja;Neutraal;Tevreden;Tevreden;Tevreden;geen;Zonder dat er minder storingen zijn 
594;Regionale Univé;Noord-Nederland;;Medewerker afdeling/team;Ja;Zeer ontevreden;Ontevreden;Neutraal;Ontevreden;Voor onze afdeling is het heel onoverzichtelijk hoe je iets moet doen in crm.;Het is op dit moment lastig om dingen voor elkaar te krijgen die nodig zijn om je werk te kunnen doen.
595;Regionale Univé;Dichtbij;;Medewerker afdeling/team;Ja;Zeer tevreden;Tevreden;Zeer tevreden;Zeer tevreden;;Blijven zorgen voor overzichtelijkheid en snelle performance
598;Regionale Univé;Noord-Holland;;Medewerker afdeling/team;Ja;Ontevreden;Tevreden;Tevreden;Tevreden;erg traag ;snelheid
602;Regionale Univé;Zuid-Nederland;;Medewerker afdeling/team;Ja;Neutraal;Neutraal;Zeer tevreden;Neutraal;laad vaak tegels niet in, je kan geen koppelingen (meer) maken tussen diverse bedrijven van een klant;De dienstverlening is prima, de werking van diverse programma's (storingen) el vaak slechte Skype verbindingen geven vaak ergernis.
608;Regionale Univé;Noord-Holland;;Medewerker afdeling/team;Ja;Tevreden;Tevreden;Tevreden;Tevreden;nvt;nvt
611;Regionale Univé;Groene Hart;;Medewerker afdeling/team;Ja;Tevreden;Ontevreden;Tevreden;Ontevreden;Wanstaltig systeem;telefonische bereikbaarheid
612;Regionale Univé;Noord-Holland;;Medewerker afdeling/team;Ja;Zeer tevreden;Neutraal;Tevreden;Neutraal;;"Ik heb een suggestie met betrekking tot de app. 
In de winkel in Hoorn, maar mogelijk ook in andere winkels komen vaak vragen langs met betrekking tot online-Univé. Mensen hebben duidelijk moeite met de app in te stellen. Zou het niet fijn zijn als er een filmpje online kan komen? Waarin wordt toegelicht hoe de verschillende zaken werken? Eventueel kan zo'n filmpje in de winkel draaien. Of uiteraard op de website. 
Verder geen suggesties! Ga zo door!! :-)"
613;Regionale Univé;Zuid-Nederland;;Medewerker afdeling/team;Ja;Tevreden;Tevreden;Tevreden;Tevreden;URN op elke pagina zichtbaar;
617;Centrale Organisatie - Overige afdelingen;;IT;Medewerker afdeling/team;Ja;Zeer tevreden;Zeer tevreden;Zeer tevreden;Zeer tevreden;Fijn systeem, die doet wat het moet doen. Mooie ontwikkelingen met de wensen van de ru's als leidraad.;
624;Centrale Organisatie - Overige afdelingen;;IT;Medewerker afdeling/team;Ja;Zeer tevreden;Zeer tevreden;Zeer tevreden;Zeer tevreden;CRM is top, vooral de medewerkers zijn uiterst behulpzaam en vriendelijk;
626;Regionale Univé;Stad en Land;;Medewerker afdeling/team;Ja;Tevreden;Tevreden;n.v.t./weet het niet;Tevreden;geen, ik leg er alleen taken in vast of bekijk deze, ik klik vanuit tegels vaan polissen in Qis;snelheid systemen 
627;Regionale Univé;Oost;;Medewerker afdeling/team;Ja;Tevreden;Tevreden;Tevreden;Tevreden;;De snelheid van Qis en oplossen van de storingen in skype/snapper
633;Regionale Univé;Dichtbij;;Medewerker afdeling/team;Ja;Ontevreden;Tevreden;Neutraal;Neutraal;;Snelheid van CRM en QIS. Bereikbaarheid van de website Univé.nl/Mijn Univé/Univé App.
635;Regionale Univé;Noord-Holland;;Medewerker afdeling/team;Ja;Neutraal;Ontevreden;Ontevreden;Ontevreden;"De CRM-data zijn opgeslagen in de Dataverse. Ik zou graag toegang willen hebben tot de Dataverse dmv Power BI en SQL Server Management Studio. Deze toegang is dichtgezet.

De helpdesk kaatst veelal CRM-incidenten terug, met het verzoek om deze via een key user in te brengen. Echter, mijn activiteiten zijn zo specifiek dat ik dus twee keer aan het uitleggen ben wat er mis gaat.";"Data-ontsluiting via DDP:
- In mijn rol van data-analist bij een RU wens ik graag dezelfde toegangsrechten als collega's van de CO. Ik kan dan van veel meer waarde zijn voor de organisatie, en dat geeft mij ook meer werkplezier. Na meer dan twee jaar dit onder de aandacht brengen, is het onze duur betaalde besluitvormers nog steeds niet gelukt om met elkaar overeen te komen om de Chinese Walls weg te nemen. Daardoor blijft het niveau van de data-analisten onnodig laag, omdat samen aan data-producten werken niet goed mogelijk is. Ik heb van mijn bestuurder begrepen dat de weerstand binnen jullie afdeling ligt. Ik hoop dat deze meneer/mevrouw Weerstand met een heldere toelichting naar buiten treedt. De huidige situatie doet mij overwegen om te vertrekken naar een organisatie waar men beweert minder bureaucratisch te zijn.

Telefonie en callcentra:
- Ik heb geen vertrouwen in hoe de zaken rond Telefonie georganiseerd zijn. Geen specifieke knelpunten, maar het totaalbeeld."
637;Regionale Univé;Dichtbij;;Medewerker afdeling/team;Ja;Tevreden;Tevreden;Tevreden;Tevreden;eventueel het totale overzicht op 1 scherm ipv meerdere tabbladen;
638;Regionale Univé;Stad en Land;;Medewerker afdeling/team;Ja;Ontevreden;Neutraal;Zeer tevreden;Tevreden;Ik vond de oude CRM sneller en het invullen van velden kon al met 1 klik als je eerder tekst had ingetypt. Zou fijn zijn als dat weer kan. ;
648;Regionale Univé;Dichtbij;;Medewerker afdeling/team;Ja;Ontevreden;Tevreden;Tevreden;Tevreden;;Intranet is naar mijn mening onoverzichtelijk geworden en ik vind het irritant dat de bovenste banner steeds beweegt/verspringt. Dat zorgt voor afleiding.
658;Regionale Univé;Zuid-Nederland;;Medewerker afdeling/team;Ja;Zeer tevreden;Zeer tevreden;Zeer tevreden;Zeer tevreden;Nee;Nee
666;Regionale Univé;Zuid-Nederland;;Medewerker afdeling/team;Ja;Zeer ontevreden;Ontevreden;Neutraal;Ontevreden;crm valt te vaak uit;
668;Regionale Univé;Samen;;Medewerker afdeling/team;Ja;Ontevreden;Tevreden;Tevreden;Tevreden;geen;geen
672;Regionale Univé;Groene Hart;;Medewerker afdeling/team;Ja;Tevreden;Tevreden;Tevreden;Tevreden;nvt;nvt
676;Regionale Univé;Noord-Holland;;Medewerker afdeling/team;Ja;Tevreden;Tevreden;Tevreden;Tevreden;Nee;
678;Regionale Univé;Stad en Land;;Medewerker afdeling/team;Ja;Neutraal;Neutraal;Tevreden;Neutraal;ik zou graag zien dat er nog veel meer functionaliteiten gebruikt worden in crm;nvt
679;Regionale Univé;Stad en Land;;Medewerker afdeling/team;Ja;Tevreden;Ontevreden;Neutraal;Neutraal;Na laatste release is de gebruiksvriendelijkheid niet beter geworden.;vaste ethernet verbinding op kantoorwerkplek !!
688;Regionale Univé;Groene Hart;;Afdelings-/Teammanager;Ja;Tevreden;Zeer tevreden;n.v.t./weet het niet;Tevreden;;"Bereikbaar tot 18.00 uur. 

Geen toevoegingen. Wel vind ik het bijzonder dat er bij een hulpvraag echt tot 5 uur wordt gewerkt. Laatst zei iemand tegen mij:"" We moeten nu stoppen, morgen help ik je want ik zit al 2 minuten in overwerktijd.""
Ik wist niet wat ik hoorde. Heel bijzonder deze reactie die niet zou moeten kunnen."
690;Regionale Univé;Dichtbij;;Medewerker afdeling/team;Ja;Tevreden;Tevreden;Tevreden;Tevreden;nvt;nvt
694;Regionale Univé;Dichtbij;;Medewerker afdeling/team;Ja;Tevreden;Tevreden;Tevreden;Tevreden;Geen opmerkingen;Informatievoorziening bij een storing.
695;Regionale Univé;Oost;;Medewerker afdeling/team;Ja;Tevreden;Neutraal;n.v.t./weet het niet;Tevreden;koppeling van klanten op hetzelfde adres. Polis staat op naam bv man maar mv staat ook in de systemen. ;lokale contact is uitstekend en ook als nieuwe medewerker moet ik zeggen dat zaken goed werken en goed geregeld zijn. 
698;Regionale Univé;Dichtbij;;Medewerker afdeling/team;Ja;Tevreden;Neutraal;Neutraal;Neutraal;Ik werk wel met CRM, maar ik weet dat ik er veel meer uit kan halen. Helaas heb ik nog niet echt de tijd gehad om me hierin heel erg te verdiepen. Dus dat ligt aan mezelf. Ik vind sommige dingen in crm onlogisch en bewerkelijk;Ga zo door :)
699;Regionale Univé;Dichtbij;;Medewerker afdeling/team;Ja;Tevreden;Neutraal;Neutraal;Neutraal;nee;Altijd zeer snel en vriendelijk geholpen mocht dit nodig zijn. Een groot compliment voor de afdeling. 
718;Regionale Univé;Dichtbij;;Medewerker afdeling/team;Ja;Zeer ontevreden;Tevreden;n.v.t./weet het niet;Neutraal;Het weervinden van een notitie of een bijlage vind ik onduidelijk. Medewerkersportaal was daarin veel overzichtelijker. Dus als er een manier is om het overzichtelijker te maken, dan zou dat fijn zijn.;
719;Regionale Univé;Oost;;Medewerker afdeling/team;Ja;Tevreden;Tevreden;Tevreden;Tevreden;Wellicht is het mogelijk om partners op het zelfde adres automatisch te laten koppelen in CRM, ipv handmatig. Scheelt een hoop tijd.;
724;Regionale Univé;Dichtbij;;Afdelings-/Teammanager;Ja;Tevreden;Neutraal;Neutraal;Tevreden;Het draaien van query's en het maken van dashboards is wel een stuk minder dan toen we nog niet in de cloud zaten. Echt jammer;
726;Regionale Univé;Noord-Holland;;Medewerker afdeling/team;Ja;Neutraal;Neutraal;Neutraal;Neutraal;Dat de tegels altijd zichtbaar is. Het komt te veel voor dat de tegels niet geladen worden.;Dat als ik IT bij mijn onderlinge nodig heb dat men dat dan zelf kan oplossen. Ik wordt te makkelijk naar de helpdesk doorverwezen.
728;Regionale Univé;Stad en Land;;Medewerker afdeling/team;Ja;Tevreden;Zeer ontevreden;Neutraal;Ontevreden;In CRM zitten diverse manco's welke ik al vaker heb gemeld maar nog nooit opgelost of verbeterd zijn. Deze vraag is dus wat mij betreft overbodig.;Thuis kunnen printen, een smartphone welke met een van mijn twee dure en nieuwe headsets werkt en aangepast CRM. 
733;Regionale Univé;Noord-Nederland;;Medewerker afdeling/team;Ja;Ontevreden;Ontevreden;Neutraal;Ontevreden;In lijn met het antwoord op QIS. Microsoft Dynamics 365 kan efficiënter benut worden. In zijn huidige vorm is het niet intuïtief en administratie intensief. Gevoelsmatig moeten teveel diensten gebruikmaken van 1 layout waardoor deze een matige 'Jack of all trades' wil zijn maar een 'Master of none' is. Layout's/ functionaliteiten naar profiel (sso) en push mogelijkheden naar qis zouden bij dragen aan een betere user experience en performance.   ;"Het gericht ondersteuning geven daar waar nodig en ruimte geven waar niet. Denk hierbij aan,
1) stroomlijnen van processen, ontlasten van administratieve druk. Meer dan 1x registreren is eigenlijk al niet efficiënt. 
2) kritisch kijken welke op regels gebaseerde, repeterende taken met bruikbare input geautomatiseerd kan worden.  
3) meer vrijheid/ flexibiliteit in layout en functionaliteit. "
737;Regionale Univé;Dichtbij;;Medewerker afdeling/team;Ja;Tevreden;Neutraal;Neutraal;Tevreden;veel handelingen uitvoeren op verschillende schermen, misschien eenvoudige om 1 scherm te hanteren vooral met IDD;
738;Centrale Organisatie - Overige afdelingen;;Overige afdelingen;Afdelings-/Teammanager;Ja;Tevreden;Tevreden;n.v.t./weet het niet;Tevreden;;snelheid en ondersteuning
739;Centrale Organisatie - Overige afdelingen;;Commercie;Medewerker afdeling/team;Ja;Ontevreden;Ontevreden;Tevreden;Ontevreden;Ik vind dat we nog veel te weinig gebruik maken van CRM als relatiemanagement systeem. We gebruiken teveel verschillende systemen waardoor er geen eenduidig klantsysteem is en we nog te weinig weten van de klant en hierop inspelen. Daarin lopen we nog erg achter vergeleken bij andere organisaties en concurrenten. ;
741;Centrale Organisatie - Overige afdelingen;;IT;Medewerker afdeling/team;Ja;Zeer tevreden;Zeer tevreden;Zeer tevreden;Zeer tevreden;Staan al op de roadmap;
745;Regionale Univé;Stad en Land;;Medewerker afdeling/team;Ja;Tevreden;Tevreden;n.v.t./weet het niet;Tevreden;is bewerkelijk, openen door herkenning telefoonnummer;Telefoon routering van klanten werkt in de praktijk matig. Regelmatig verdwalen klanten. 
753;Regionale Univé;Stad en Land;;Medewerker afdeling/team;Ja;Neutraal;Ontevreden;Neutraal;Neutraal;vind dat ik in crm te veel moet klikken. dit zou sneller en efficiënter moeten;
754;Regionale Univé;Stad en Land;;Medewerker afdeling/team;Ja;Neutraal;Neutraal;n.v.t./weet het niet;Neutraal;Het gebeurt helaas te vaak dat de tegels niet geladen worden en dat kan erg storend zijn.;
766;Regionale Univé;Stad en Land;;Medewerker afdeling/team;Ja;Neutraal;Ontevreden;Ontevreden;Neutraal;;bereikbaarheid
770;Regionale Univé;Noord-Holland;;Medewerker afdeling/team;Ja;Neutraal;Tevreden;Tevreden;Tevreden;Overbodige velden schrappen, snelheid verbeteren, bij het maken van een nieuwe case sneller de gekoppelde relaties in beeld bij 'gekoppelde relatie'.;
771;Regionale Univé;Dichtbij;;Afdelings-/Teammanager;Ja;Ontevreden;Zeer tevreden;Zeer tevreden;Zeer tevreden;"Vaak storingen met het laden van tegels
Financieel  beeld duurt lang om te laden";
778;Regionale Univé;Noord-Nederland;;Medewerker afdeling/team;Ja;Ontevreden;Ontevreden;Tevreden;Ontevreden;CRM is redelijk onoverzichtelijk, met name als er veel cases en activiteiten zijn. Dit ligt ook vaak aan de gebruiker, maar het systeem zou de gebruiker hierin moeten helpen. Tevens irritant als je moet schakelen tussen klantbeeld, cases en activiteiten. Tabbladen niet meer zichtbaar zodra je in een case of activiteit zit. Er worden al veel verbeteringen doorgevoerd, maar je ziet dat de focus van de verbeteringen vaak ligt bij managementcijfers en/of compliance en niet altijd bij de eind gebruiker voor de dagelijkse werkzaamheden.;Gebruikersgemak van CRM en Qis, minder klikken, duidelijkheid, overzicht en snelheid
781;Regionale Univé;Noord-Nederland;;Medewerker afdeling/team;Ja;Tevreden;Tevreden;Tevreden;Tevreden;;"QIS moet gewoon echt goed werken! 
problemen als hiervoor genoemd kan echt niet. "
783;Regionale Univé;Dichtbij;;Medewerker afdeling/team;Ja;Tevreden;Neutraal;Tevreden;Neutraal;;Snelheid van de afhandeling van klachten. Duidelijker Communiceren 
786;Regionale Univé;Dichtbij;;Medewerker afdeling/team;Ja;Neutraal;Neutraal;n.v.t./weet het niet;Neutraal;ik vond de vorige applicatie (voordat we in de cloud gingen) beter, sneller en inzichtelijker en gebruikersvriendelijker;
793;Regionale Univé;Noord-Holland;;Medewerker afdeling/team;Ja;Ontevreden;Neutraal;Neutraal;Ontevreden;ik vind het geen overzichtelijk systeem vooral financieel beeld. ;
796;Regionale Univé;Groene Hart;;Medewerker afdeling/team;Ja;Tevreden;Tevreden;Tevreden;Tevreden;Voeg een NAW-check toe bij CRM. Zodra de telnmr, emailadres en adresgegevens van de klant zijn geverifieerd, kan er op een knop gedrukt worden die de datum registreert van verificatie. Op moment dat het alweer een tijd geleden is geweest dat klant met ons belt, maak de knop zichtbaar rood zodat de collega nadrukkelijk moet vragen of de gegevens nog kloppen.;Het verbeteren van QIS.
800;Centrale Organisatie - Overige afdelingen;;Overige afdelingen;Medewerker afdeling/team;Ja;Tevreden;Tevreden;Tevreden;Tevreden;Ik gebruik het niet vaak. Maar de keren dat ik het gebruik is het goed.;"Bij de helpdesk meer kennis van de Univé applicaties. 
Ik heb bij vraag 27 tevreden ingevuld. Dit cijfer is voor de helpdesk.
Over lokaal beheer en team Octopus ben ik zeer tevreden!"
801;Regionale Univé;Stad en Land;;Medewerker afdeling/team;Ja;Neutraal;Neutraal;Neutraal;Neutraal;;Eenvoudiger en sneller in kunnen voeren zoals bijvoorbeeld in qis, zie eerder gemaakte opmerking.
815;Regionale Univé;Groene Hart;;Medewerker afdeling/team;Ja;Tevreden;Neutraal;Neutraal;Neutraal;Vind het een onoverzichtelijk systeem en 2 systemen naast elkaar (QIS en CRM) inzien kost extra behandeltijd;Via Teams korte cessies bij impactvolle veranderingen met hier concrete tips hoe hier mee om te gaan.
833;Regionale Univé;Groene Hart;;Medewerker afdeling/team;Ja;Neutraal;Zeer tevreden;Tevreden;Tevreden;;De thuiswerkverbinding/workplace connection is af en toe echt dramatisch slecht. Nu is er via VPN/Pulse Secure een workaround, maar het zou fijn zijn als alles gewoon werkt naar behoren.
835;Regionale Univé;Stad en Land;;Medewerker afdeling/team;Ja;Tevreden;Ontevreden;n.v.t./weet het niet;Neutraal;"Het systeem is in veel opzichten erg prettig en heeft veel mogelijkheden. Echter voelt het niet natuurlijk hoe de ""activiteiten en cases"" verwerkt worden. Het werkt niet prettig, je kunt niet efficiënt zoeken of er doorheen bladeren/scrollen. Ik heb het gevoel dat we Univé breed hier zeer veel tijd door verliezen. Ik zou liever zien dat je contactnotities, correspondentie (mails) en taken loskoppelt van elkaar en chronologisch administreert met goede een zoekfunctie binnen deze zaken. En daarnaast zou het fijn zijn als er direct meer zichtbaar is van deze zaken. Meer ruimte beschikbaar op het scherm voor een volledige ""betreft"". ";De activiteiten en cases verwerking.
839;Centrale Organisatie - Overige afdelingen;;Schade;Medewerker afdeling/team;Ja;Tevreden;Tevreden;n.v.t./weet het niet;Neutraal;;"stabiel kunnen bellen: altijd gedoe met Skype.
Stabiele workplace connection. Thuis en kantoor"
850;Regionale Univé;Zuid-Nederland;;Medewerker afdeling/team;Ja;Tevreden;Neutraal;Ontevreden;Neutraal;Werkwijze in CRM zijn enorm omslachtig en het systeem is te uitgebreid om snel en efficiënt te kunnen werken.;Snellere oplossingen m.b.t. storingen voor de programma's CRM en Qis. Over de andere applicaties kan ik helaas niet oordelen. Maar zonder deze programma's kunnen we niet werken.
851;Regionale Univé;Dichtbij;;Medewerker afdeling/team;Ja;n.v.t./weet het niet;n.v.t./weet het niet;n.v.t./weet het niet;n.v.t./weet het niet;NVT;NVT werk hier 1 dag
852;Regionale Univé;Noord-Holland;;Medewerker afdeling/team;Ja;Neutraal;Neutraal;Neutraal;Neutraal;;"CRM performance sneller, ATS geen verstoringen en herstel van verbinding na herstel van de wifi storing. 
QIS sneller performance, skype geen verbrokkeling van lijnen.  "
855;Centrale Organisatie - Overige afdelingen;;Overige afdelingen;Medewerker afdeling/team;Ja;Tevreden;Neutraal;Tevreden;Tevreden;Bij het invoeren van de geboortedatum dien je streepjes te gebruiken (bv 01-01-2023), want anders pakt hij niet hetgeen wat je zoekt. Is het mogelijk/te realiseren om geboortedatum ook zonder streepjes in te voeren (01012023) en dat daarbij het resultaat gewoon naar voren komt?;"De verbeteringen die ik eerder heb aangegeven. Voor het overige ben ik tevreden over jullie algehele dienstverlening. Top.
"
859;Regionale Univé;Dichtbij;;Medewerker afdeling/team;Ja;Ontevreden;Ontevreden;Neutraal;Ontevreden;;snelheid systemen moet omhoog en minder verstoringen
861;Regionale Univé;Zuid-Nederland;;Medewerker afdeling/team;Ja;Neutraal;Tevreden;Zeer tevreden;Tevreden;;Gegevens goed up-to date houden, voorts zijn overzichten van polissen (met name voor zakelijk) niet zo overzichtelijk als zou kunnen. Voor eigen gebruik tevreden tot zeer tevreden met de systemen en ondersteuning. 
869;Regionale Univé;Noord-Nederland;;Medewerker afdeling/team;Ja;Tevreden;Tevreden;Tevreden;Tevreden;;Dat de gegevens / verbindingen tussen de verschillende programma's goed blijven werken.
871;Regionale Univé;Dichtbij;;Medewerker afdeling/team;Ja;Ontevreden;Neutraal;Tevreden;Neutraal;;Met name de performance van onze systemen is vaak teleurstellend. Hier heeft IT vaak geen oplossing voor, met een hoop workarrounds tot gevolg. 
